{"stats":{"minecraft:dropped":{"minecraft:white_concrete":1,"minecraft:sculk_vein":1,"minecraft:oak_sign":1,"minecraft:grass_block":1,"minecraft:redstone_block":1},"minecraft:used":{"minecraft:short_grass":19,"minecraft:oak_fence":2,"minecraft:green_concrete":563,"minecraft:black_concrete":98,"minecraft:warped_trapdoor":2,"minecraft:bookshelf":87,"minecraft:dirt_path":52,"minecraft:light_gray_concrete":53,"minecraft:red_concrete":132,"minecraft:lantern":9,"minecraft:grass_block":525,"minecraft:oak_stairs":6,"minecraft:gray_carpet":74,"minecraft:light_gray_carpet":67,"minecraft:oak_planks":57,"minecraft:quartz_block":1087,"minecraft:oak_sign":88,"minecraft:redstone_block":2,"minecraft:blue_banner":1,"minecraft:oak_leaves":472,"minecraft:birch_trapdoor":22,"minecraft:polished_blackstone_pressure_plate":1,"minecraft:dark_oak_trapdoor":6,"minecraft:glowstone":16,"minecraft:brown_carpet":1,"minecraft:yellow_terracotta":12,"minecraft:tall_grass":159,"minecraft:light_blue_concrete":275,"minecraft:iron_trapdoor":2,"minecraft:crafting_table":4,"minecraft:red_bed":8,"minecraft:crimson_trapdoor":2,"minecraft:crafter":6,"minecraft:red_banner":1,"minecraft:glass_pane":61,"minecraft:campfire":1,"minecraft:skeleton_skull":2,"minecraft:gray_concrete":302,"minecraft:white_concrete":413,"minecraft:sculk_vein":2,"minecraft:polished_blackstone_stairs":9,"minecraft:dark_oak_door":25},"minecraft:picked_up":{"minecraft:redstone_block":1,"minecraft:sculk_vein":1,"minecraft:oak_sign":1},"minecraft:custom":{"minecraft:time_since_rest":448390,"minecraft:sprint_one_cm":292316,"minecraft:walk_one_cm":497886,"minecraft:drop":5,"minecraft:interact_with_crafting_table":1,"minecraft:fly_one_cm":2863743,"minecraft:crouch_one_cm":57832,"minecraft:play_time":448390,"minecraft:sneak_time":20927,"minecraft:jump":2547,"minecraft:leave_game":9,"minecraft:time_since_death":448390,"minecraft:total_world_time":1401932}},"DataVersion":3953}